# Config for make_table_s7.py, make_tables_s8_s12.py and the evaluation scripts (tab-separated; header line ignored)
# columns: name	reads	run_dir	chrom_map	ref_id	reference	assembly	total_reads	refguided_labels	polycracker_labels	subphaser_labels
# run_dir must contain contigs_to_ref.paf and all_contig_labels_repaired.tsv (Table S7) and, for Tables S8-S12, also
# reads_to_ref.paf, read_subg.tsv, reads_to_contigs.paf, contacts.pkl, homoeolog_edges.tsv and wg_purity.per_contig.tsv.
# ref_id groups the rows that share a reference; '-' marks a missing label file.
name	reads	run_dir	chrom_map	ref_id	reference	assembly	total_reads	refguided_labels	polycracker_labels	subphaser_labels
B. napus NAM0 (4x)	ONT	/path/to/NAM0/polysplit_run	tables/chrom_subg.nam0.tsv	napus	/path/to/NAM0/assembly/Bnapus_N99_hifi.genome.fasta	/path/to/NAM0/polysplit_run/flye_out/assembly.fasta	5725172	/path/to/NAM0/polysplit_run/refguided/read_labels_refguided.tsv	-	-
B. napus NAM0 (4x)	HiFi	/path/to/NAM0/polysplit_run_hifi	tables/chrom_subg.nam0.tsv	napus	/path/to/NAM0/assembly/Bnapus_N99_hifi.genome.fasta	/path/to/NAM0/polysplit_run_hifi/flye_out/assembly.fasta	2559186	/path/to/NAM0/polysplit_run/refguided_hifi/read_labels_refguided.tsv	/path/to/NAM0/polycracker_baseline/read_polycracker.tsv	/path/to/NAM0/subphaser_baseline/read_subphaser.tsv
C. microcarpa (4x)	ONT	/path/to/Tetraploid/polysplit_run	tables/chrom_subg.tetraploid.tsv	tetraploid	/path/to/Tetraploid/Cmicrocarpa.CN119243.fa.gz	/path/to/Tetraploid/polysplit_run/flye_out/assembly.fasta	1647060	/path/to/Tetraploid/polysplit_run/refguided/read_labels_refguided.tsv	-	-
C. microcarpa (4x)	HiFi	/path/to/Tetraploid/polysplit_run_hifi	tables/chrom_subg.tetraploid.tsv	tetraploid	/path/to/Tetraploid/Cmicrocarpa.CN119243.fa.gz	/path/to/Tetraploid/polysplit_run_hifi/flye_out/assembly.fasta	1160267	/path/to/Tetraploid/polysplit_run_hifi/refguided/read_labels_refguided.tsv	/path/to/Tetraploid/polycracker_baseline_hifi/read_polycracker.tsv	/path/to/Tetraploid/subphaser_baseline_hifi/read_subphaser.tsv
C. microcarpa T1 (6x)	ONT	/path/to/Hexaploid/polysplit_run_nanohq	tables/chrom_subg.hexaploid.tsv	hexaploid	/path/to/Hexaploid/Cmicrocarpa.CN119205.fa.gz	/path/to/Hexaploid/polysplit_run_nanohq/flye_out/assembly.fasta	1903171	/path/to/Hexaploid/polysplit_run/refguided/read_labels_refguided.tsv	-	-
C. microcarpa T1 (6x)	HiFi	/path/to/Hexaploid/polysplit_run_hifi	tables/chrom_subg.hexaploid.tsv	hexaploid	/path/to/Hexaploid/Cmicrocarpa.CN119205.fa.gz	/path/to/Hexaploid/hifi_asm_flye/assembly.fasta	925873	/path/to/Hexaploid/polysplit_run_hifi/refguided/read_labels_refguided.tsv	/path/to/Hexaploid/polycracker_baseline/read_polycracker.tsv	/path/to/Hexaploid/subphaser_baseline/read_subphaser.tsv
